"","id","fsecurity","fexpend","hhsize","female","kids","elderly","black","hispanic","education","employed","married","disability","weight"
"1",20180902374300,0,110,1,0,0,0,0,0,1,2,0,0,4369.7466
"2",20180902376700,0,70,2,2,0,2,2,0,2,1,0,0,4484.3448
"3",20180902377600,NA,NA,1,1,0,0,0,0,0,1,0,1,2105.9713
"4",20180902377900,1,40,1,1,0,0,0,0,0,1,0,0,2637.4477
"5",20180902378100,0,20,2,2,0,0,0,0,1,1,0,1,4606.2476
"6",20180902378900,7,20,2,1,0,1,0,0,0,0,0,1,4750.7232
"7",20180902384600,0,37.5,4,1,2,0,0,0,2,2,2,0,8501.7764
"8",20180902388500,NA,NA,2,0,1,0,0,0,1,1,0,0,4086.694
"9",20180902388600,1,40,2,1,0,0,0,0,0,2,2,1,4178.963
"10",20180902389200,0,80,1,1,0,1,0,0,0,0,1,0,1963.0856
"11",20180902390400,0,10,3,3,1,0,0,0,1,3,0,0,6553.7181
"12",20180902390500,NA,NA,1,1,0,1,0,0,0,1,0,0,1925.354
"13",20180902391200,3,76.6666666666667,3,2,0,0,0,0,3,3,0,0,6268.4445
"14",20180902393500,NA,NA,2,1,0,0,0,0,0,2,2,0,4369.1454
"15",20180902393600,0,0,1,0,0,1,1,0,0,0,0,1,2141.0256
"16",20180902394000,1,20,5,2,3,0,0,5,1,1,2,0,9920.8135
"17",20180902394500,0,110,2,1,0,2,0,0,0,0,2,1,4044.8244
"18",20180902394600,0,65,2,1,0,0,0,0,2,2,2,0,3867.656
"19",20180902396300,0,0,2,1,0,2,0,0,0,0,2,0,3850.708
"20",20180902396400,NA,NA,3,2,0,0,0,0,1,2,2,0,5902.4817
"21",20180902398100,0,66.6666666666667,3,1,0,0,0,0,0,3,2,0,5801.484
"22",20180902398300,NA,NA,1,0,0,0,0,0,0,1,0,0,2660.6975
"23",20180902400900,0,80,2,1,0,2,0,0,0,2,2,0,3850.708
"24",20180902401600,NA,NA,2,1,0,2,0,0,2,0,2,1,4044.8244
"25",20180902401700,0,80,1,0,0,0,0,0,0,1,0,0,2422.3677
"26",20180902403800,0,80,1,1,0,1,0,0,0,1,0,1,1963.0856
"27",20180902405800,NA,NA,1,1,0,0,0,0,1,1,0,0,2428.347
"28",20180902407100,NA,NA,1,1,0,0,0,0,0,1,0,0,2466.6057
"29",20180902407500,0,0,7,2,5,0,0,0,0,1,2,0,14570.9473
"30",20180902407900,0,45,4,3,2,0,0,0,2,2,2,0,7735.312
"31",20180902408500,NA,NA,2,1,0,0,0,2,1,2,2,0,4415.1372
"32",20180902409800,0,55,2,0,0,0,0,2,0,0,0,0,4748.5146
"33",20180902410300,0,0,5,2,2,0,0,0,0,2,2,0,9837.4695
"34",20180902411700,0,30,4,1,2,0,0,0,2,2,2,0,8326.2556
"35",20180902412500,0,0,1,1,0,1,0,0,0,0,1,1,2022.4122
"36",20180902413700,0,76.6666666666667,3,1,0,0,0,0,1,3,2,1,6216.4302
"37",20180902414700,2,40,2,2,0,1,0,0,0,1,0,1,4044.8244
"38",20180902415500,NA,NA,2,1,1,0,0,0,1,1,0,0,4933.2114
"39",20180902418600,0,30,4,2,2,0,0,0,2,2,2,0,8415.066
"40",20180902420200,NA,NA,3,1,0,0,0,0,2,2,2,0,7465.9218
"41",20180902420400,NA,NA,1,0,0,1,0,0,0,0,0,1,2375.3616
"42",20180902421700,0,40,2,1,0,2,0,1,0,1,2,1,4011.1534
"43",20180902424100,0,65,2,1,0,2,0,0,1,0,2,0,4200.4272
"44",20180902425100,NA,NA,2,1,0,0,0,0,0,2,0,0,5174.9562
"45",20180902427100,NA,NA,4,1,1,0,0,0,0,3,2,0,8271.0752
"46",20180902427300,NA,NA,4,2,1,0,0,0,0,4,2,0,8275.6492
"47",20180902427400,NA,NA,1,1,0,1,0,0,0,0,0,1,2163.6844
"48",20180902429500,NA,NA,2,1,0,0,0,2,0,1,2,0,4759.574
"49",20180902429900,0,170,1,1,0,1,0,0,1,1,0,0,2058.7079
"50",20180902430400,0,70,1,1,0,1,0,0,1,2,0,0,5004.3492
"51",20180902431200,NA,NA,3.4,4,2,0,0,0,2,2,0,0,12318.9495
"52",20180902431900,NA,NA,3,2,0,0,0,0,2,2,2,0,6650.6682
"53",20180902432400,0,70,1,1,0,1,1,0,1,0,0,0,2242.1724
"54",20180902432600,0,45,2,1,0,0,0,2,0,1,0,0,5890.3692
"55",20180902432900,0,20,4,1,2,0,0,4,2,2,2,0,8639.2224
"56",20180902433100,NA,NA,2,0,0,0,0,0,1,2,0,0,4799.6874
"57",20180902433600,0,0,3,1,1,0,0,0,2,2,2,0,6650.6682
"58",20180902434600,NA,NA,2,0,0,0,0,0,0,2,0,0,4139.9944
"59",20180902435100,NA,NA,10,7,0,2,0,0,5,4,4,0,19659.412
"60",20180902435300,NA,NA,2,1,0,2,0,0,2,0,2,0,5194.3202
"61",20180902437200,NA,NA,2,1,0,0,0,0,0,2,2,0,4433.7788
"62",20180902438400,0,100,2,1,0,1,0,0,0,2,0,0,4200.4272
"63",20180902442500,2,0,2,2,0,1,0,0,0,1,0,0,4324.977
"64",20180902444600,0,60,1,0,0,1,1,0,0,0,0,0,2363.985
"65",20181002372800,0,30,2,1,0,0,0,0,1,2,2,0,4483.9138
"66",20181002373500,NA,NA,1,1,0,0,0,0,1,1,0,0,2236.3335
"67",20181002374100,9,130,1,1,0,0,0,0,0,0,0,1,2241.9569
"68",20181002374800,0,0,4,1,2,0,0,0,2,2,2,0,11122.7756
"69",20181002375400,NA,NA,2,1,0,0,0,0,2,2,2,0,4776.9772
"70",20181002375600,NA,NA,3,2,0,0,0,0,1,3,0,0,7197.5838
"71",20181002379000,NA,NA,3.4,3,3,0,0,5,0,1,2,0,10525.0725
"72",20181002380000,0,140,1,0,0,0,0,0,1,1,0,0,2217.079
"73",20181002380100,0,25,2,1,0,2,0,0,1,0,2,0,3968.4098
"74",20181002381500,NA,NA,1,1,0,0,0,0,0,1,0,0,2140.9329
"75",20181002382800,0,20,5,2,3,0,0,0,1,2,2,0,11404.309
"76",20181002386200,0,50,3,2,2,0,0,0,0,2,0,0,5889.5931
"77",20181002387100,NA,NA,2,1,0,0,0,0,2,1,2,1,4288.6346
"78",20181002387400,0,105,2,1,0,0,0,0,2,2,2,0,3990.6668
"79",20181002389000,0,220,1,0,0,1,0,0,0,0,0,0,2094.7747
"80",20181002389300,NA,NA,4,3,2,0,0,0,0,1,2,0,7928.224
"81",20181002391200,0,0,1,0,0,0,0,0,0,1,0,1,2223.8663
"82",20181002392000,NA,NA,4,2,2,0,0,4,0,1,2,0,7798.0156
"83",20181002392700,0,40,1,1,0,0,0,0,0,0,0,1,1994.08
"84",20181002393400,0,60,1,1,0,1,0,0,1,0,0,0,1878.9354
"85",20181002393800,0,52,5,2,3,0,0,0,0,1,2,0,9910.28
"86",20181002397000,0,53.3333333333333,3,1,1,0,0,0,2,2,2,0,6701.319
"87",20181002397700,0,40,1,0,0,1,0,0,0,0,0,0,2140.1162
"88",20181002399500,0,4,1,1,0,1,0,0,1,0,0,1,1941.4027
"89",20181002399800,0,0,3,1,0,2,0,0,0,1,2,0,6671.5989
"90",20181002400100,0,70,1,0,0,1,0,0,1,0,0,1,2211.5238
"91",20181002400600,0,36,5,3,2,0,0,0,1,3,2,0,10534.957
"92",20181002401900,1,0,1,1,0,1,0,0,0,0,0,1,1855.677
"93",20181002402300,NA,NA,2,1,0,2,0,0,1,2,0,0,3966.8488
"94",20181002405000,0,65,2,1,0,0,0,0,2,2,2,1,3990.6668
"95",20181002407800,0,40,1,1,0,1,0,0,0,0,0,0,1878.9354
"96",20181002407900,0,100,1,1,0,1,0,0,0,0,0,0,1941.4027
"97",20181002408900,0,70,2,1,0,0,0,0,1,1,2,0,4182.9476
"98",20181002409100,0,80,1,0,0,0,0,0,1,1,0,0,1871.6492
"99",20181002409200,3,40,3,1,1,0,0,3,0,0,2,0,5975.103
"100",20181002409300,0,0,2,1,0,1,0,0,1,2,2,0,4182.9476
"101",20181002410600,0,31.4285714285714,7,5,1,0,0,0,1,4,2,0,14748.9398
"102",20181002410800,0,70,1,0,0,0,0,0,0,1,0,0,1908.3958
"103",20181002411000,NA,NA,1,1,0,1,0,0,0,0,0,0,1983.4244
"104",20181002414800,0,90,2,1,0,0,0,0,0,2,2,0,3847.3736
"105",20181002415000,0,20,1,1,0,0,0,0,0,1,0,0,2096.733
"106",20181002419400,0,35,2,1,0,0,0,0,2,2,2,0,4688.2868
"107",20181002419500,0,30,1,1,0,1,0,0,0,0,0,0,2077.0161
"108",20181002420100,0,55,2,1,0,0,0,0,2,2,2,0,4564.2462
"109",20181002421900,0,160,1,0,0,0,0,0,2,2,0,0,3824.3222
"110",20181002422900,0,0,1,0,0,0,0,0,1,1,0,0,2256.9999
"111",20181002424400,NA,NA,1,1,0,0,0,0,0,0,0,0,2216.8894
"112",20181002426400,0,100,2,1,0,2,0,0,2,0,2,0,4020.3704
"113",20181002427100,0,75,2,2,0,0,0,0,2,2,0,0,4776.9772
"114",20181002428800,0,0,7,2,4,0,0,7,0,3,2,0,17298.6912
"115",20181002429400,0,115,2,1,0,0,0,0,1,2,2,0,4302.815
"116",20181002430500,0,40,1,1,0,1,0,0,0,0,0,0,1982.3282
"117",20181002430600,NA,NA,2,1,0,1,0,0,0,1,0,0,4444.3694
"118",20181002431000,NA,NA,4,3,0,0,0,4,1,4,2,0,10853.9868
"119",20181002431300,0,40,1,1,0,1,0,0,1,0,0,0,2077.0161
"120",20181002432400,0,33.3333333333333,3,3,2,0,0,0,0,1,0,0,5892.7167
"121",20181002433200,NA,NA,1,1,0,1,0,0,0,0,0,1,1982.3282
"122",20181002433300,0,57.5,4,1,0,0,0,0,1,4,2,0,8945.334
"123",20181002433400,0,125,2,1,0,0,0,0,0,1,2,0,4302.815
"124",20181002433900,0,7.5,4,2,2,0,0,0,2,2,2,0,11122.7756
"125",20181002435500,0,120,1,0,0,0,0,0,1,1,0,0,2324.3794
"126",20181002435700,0,35,2,1,0,0,0,0,2,2,2,0,5481.9684
"127",20181002436800,0,80,1,0,0,0,0,1,1,1,0,0,3098.514
"128",20181002436900,0,30,1,0,0,0,0,0,1,1,0,0,2416.539
"129",20181002439200,0,20,5,2,3,0,0,0,0,2,2,0,11404.309
"130",20181002440000,0,0,2,1,0,1,0,2,1,1,0,1,6357.4946
"131",20181002441000,0,35,4,2,2,0,0,0,2,2,2,0,8477.3484
"132",20181002441600,0,70,1,1,0,1,0,0,0,0,0,0,1919.6051
"133",20181002442600,NA,NA,1,1,0,1,0,0,0,0,0,1,2077.0161
"134",20181002444000,0,77.5,4,1,2,0,0,0,2,2,2,0,8546.9756
"135",20181102383200,NA,NA,2.5,2,0,0,0,0,1,4,2,0,8866.17
"136",20181102384000,NA,NA,2,1,0,0,0,2,0,1,2,0,5732.195
"137",20181102385400,0,370,1,1,0,0,0,0,0,0,0,0,1988.2999
"138",20181102386000,0,NA,5,1,2,1,0,0,2,2,2,1,9321.8605
"139",20181102387000,NA,NA,1,1,0,0,0,0,0,1,0,0,2238.821
"140",20181102387400,1,65,4,2,2,0,0,0,0,1,2,0,12323.9076
"141",20181102388600,0,60,1,0,0,0,0,0,0,1,0,0,2375.2702
"142",20181102389500,0,150,1,0,0,0,0,0,1,1,0,0,2635.1198
"143",20181102390800,0,90,2,1,0,1,0,0,2,1,2,0,3657.1592
"144",20181102392400,0,66.6666666666667,3,2,0,1,0,0,2,2,2,0,5611.9884
"145",20181102393100,0,130,2,1,0,2,0,0,2,0,2,0,3354.3458
"146",20181102394200,0,65,2,1,0,0,0,0,2,2,2,0,3741.3256
"147",20181102398400,NA,NA,2,1,0,2,0,0,2,0,2,0,3614.7386
"148",20181102398900,0,80,2,1,0,0,0,0,2,2,2,0,4145.9296
"149",20181102399900,0,95,2,2,0,1,0,0,0,2,0,0,3418.7012
"150",20181102400000,NA,NA,2,1,0,1,0,0,0,1,2,0,3487.2128
"151",20181102400400,0,55,2,1,0,0,0,0,0,2,0,0,4145.9296
"152",20181102401800,0,12.5,4,2,2,1,0,0,0,0,0,1,7428.6052
"153",20181102403600,0,75,2,1,0,1,0,0,1,0,2,0,3285.0948
"154",20181102404400,0,50,2,1,0,1,0,0,0,1,2,0,3285.0948
"155",20181102404700,0,65,2,1,0,2,0,0,2,1,2,1,3418.7012
"156",20181102405100,0,45,4,2,2,0,0,0,1,4,2,0,8674.3616
"157",20181102406800,0,50,2,1,0,0,0,0,1,2,2,0,3664.0852
"158",20181102407500,NA,NA,1,1,0,1,0,0,0,0,0,0,1709.3506
"159",20181102409600,2,260,1,1,0,1,0,0,0,0,0,1,1807.3693
"160",20181102410900,NA,NA,2,1,0,0,0,0,0,2,2,0,3581.6564
"161",20181102411900,0,115,2,1,0,1,0,0,0,0,2,0,3487.2128
"162",20181102412300,0,26.6666666666667,6,2,4,0,0,0,1,2,2,0,13011.5424
"163",20181102413000,0,0,1,0,0,0,0,0,1,1,0,0,2464.4286
"164",20181102413900,0,3.33333333333333,6,4,4,0,0,0,1,1,2,0,12093.0636
"165",20181102414200,0,50,1,1,0,0,0,0,1,1,0,0,2881.4051
"166",20181102414400,NA,NA,3,3,2,0,0,0,0,2,0,1,5578.5201
"167",20181102415600,0,95,2,1,0,0,0,0,1,2,2,0,4145.9296
"168",20181102416300,NA,NA,3,1,1,0,0,0,2,2,2,0,5615.0919
"169",20181102417600,0,80,2,1,0,2,0,0,2,0,2,0,3614.7386
"170",20181102420400,0,0,1,1,0,1,0,0,0,0,0,1,1807.3693
"171",20181102420700,0,20,2,1,0,2,0,0,2,2,2,0,3285.0948
"172",20181102421700,NA,NA,3,2,1,0,0,0,2,1,2,0,6046.5318
"173",20181102423400,NA,NA,1,0,0,0,1,0,0,1,0,0,2534.3006
"174",20181102423700,0,60,2,1,0,1,0,0,2,2,0,0,3285.0948
"175",20181102425200,0,100,2,1,0,2,0,0,1,0,2,0,3418.7012
"176",20181102425400,0,140,1,0,0,0,0,0,0,1,0,0,2064.6614
"177",20181102425700,NA,NA,3,2,1,0,0,0,2,2,2,0,5699.2674
"178",20181102425900,0,30,1,0,0,0,0,0,0,0,0,0,2305.7717
"179",20181102426200,0,30,1,0,0,1,0,0,1,0,0,1,1786.1954
"180",20181102426400,NA,NA,3.4,3,2,0,0,0,1,3,2,0,13525.801
"181",20181102426500,0,0,1,1,0,1,0,0,0,0,0,1,1846.4899
"182",20181102426600,NA,NA,5,2,2,0,0,4,1,2,2,0,11194.105
"183",20181102427100,0,0,1,1,0,1,0,0,0,0,0,1,1846.4899
"184",20181102427500,NA,NA,2,1,0,0,0,0,2,2,0,0,5169.385
"185",20181102428400,0,35,2,2,1,0,0,0,1,1,0,0,4461.2486
"186",20181102428900,0,43.3333333333333,3,2,0,2,0,0,2,1,2,0,5539.4697
"187",20181102431800,NA,NA,1,1,0,0,0,0,0,1,0,0,2216.5425
"188",20181102432700,NA,NA,1,0,0,0,0,0,0,0,0,0,2307.0468
"189",20181102433200,0,30,1,0,0,1,0,0,0,0,0,1,1870.4804
"190",20181102433800,NA,NA,5,1,0,0,5,0,2,5,2,0,13094.403
"191",20181102438800,0,0,2,1,0,0,0,0,0,2,2,0,3562.6938
"192",20181102439700,0,70,2,1,0,0,0,0,1,2,0,0,4127.4542
"193",20181102440400,0,0,1,0,0,0,0,0,0,1,0,0,2517.7712
"194",20181102444300,0,40,1,0,0,1,0,0,0,0,0,0,1870.4804
"195",20181102444800,0,60,1.66666666666667,2,1,0,0,0,0,2,0,0,6649.6275
"196",20181102444900,0,25,2,1,0,0,0,0,2,2,2,0,4235.6684
"197",20181102446200,0,35,2,1,0,2,0,0,1,0,2,1,3692.9798
"198",20181102447300,0,85,2,1,0,0,0,0,2,2,2,0,3978.7988
"199",20181102447900,0,20,2,1,0,0,0,0,1,2,2,0,3741.3256
"200",20181102448600,0,92.5,4,3,1,0,0,0,0,3,0,0,8556.4824
"201",20181102448800,0,35,2,1,0,1,0,0,1,2,2,1,3560.7246
"202",20181102449100,NA,NA,5,2,2,0,0,2,2,3,2,0,9498.779
"203",20181102449600,NA,NA,4,3,3,0,0,0,0,1,0,0,8620.4352
"204",20181102450000,0,70,2,1,0,0,0,0,2,2,0,0,4118.2728
"205",20181202383100,0,110,1,1,0,1,0,0,1,0,0,0,2115.9755
"206",20181202384200,NA,NA,3,2,1,0,0,0,2,2,2,0,6498.6936
"207",20181202384600,NA,NA,1,1,0,1,0,0,1,0,0,0,2313.9638
"208",20181202387000,0,NA,1,1,0,0,0,1,1,1,0,0,2157.2613
"209",20181202387800,0,65,2,1,0,2,0,0,0,0,2,0,4419.3904
"210",20181202389200,0,46.6666666666667,3,1,1,0,0,0,0,3,2,0,6627.9114
"211",20181202389500,0,25,2,1,0,2,0,0,0,0,2,1,4419.3904
"212",20181202390100,0,20,2,1,0,0,0,1,2,1,2,1,4340.3354
"213",20181202390200,0,90,5,2,2,0,0,0,2,4,2,0,11046.519
"214",20181202390600,0,32,5,3,1,0,0,0,1,4,4,0,11580.7915
"215",20181202392400,4,98,5,4,3,0,0,0,0,1,2,0,10343.0975
"216",20181202393000,0,135,2,1,0,0,0,0,2,2,2,1,4418.6076
"217",20181202393300,NA,NA,3,2,1,0,0,0,1,2,2,0,6812.1318
"218",20181202396300,0,180,1,1,0,0,0,0,0,1,0,0,2105.6363
"219",20181202397000,0,165,2,1,0,0,0,0,1,1,2,1,4342.7356
"220",20181202398000,0,48,5,4,3,0,0,0,1,2,2,0,9422.406
"221",20181202399300,NA,NA,1,0,0,1,0,0,0,0,0,1,1993.8931
"222",20181202399900,0,70,3,2,0,1,0,0,3,3,2,0,6432.6819
"223",20181202402100,NA,NA,2,1,0,0,0,0,0,2,2,0,4211.2726
"224",20181202402300,0,0,2,1,0,2,0,0,2,1,2,0,4215.8508
"225",20181202403100,0,30,1,0,0,0,0,0,1,1,0,0,2017.0409
"226",20181202403800,0,22.5,4,3,2,0,0,0,0,1,2,0,8954.0592
"227",20181202404400,0,54,5,2,3,0,0,0,2,2,2,0,10094.432
"228",20181202405100,0,0,1,0,0,1,0,0,0,0,0,1,2034.2418
"229",20181202405500,0,50,2,1,0,2,0,0,0,0,2,0,4328.1512
"230",20181202408500,0,50,3,1,2,0,0,0,0,1,0,0,6051.1227
"231",20181202408800,0,0,2,1,0,2,0,0,2,1,2,0,4215.8508
"232",20181202409600,0,25,2,1,0,1,0,0,2,2,2,0,4250.7284
"233",20181202410800,NA,NA,2,1,0,1,0,0,1,1,2,1,4302.4258
"234",20181202413600,NA,NA,4,1,1,0,0,0,2,1,2,0,9073.3632
"235",20181202415300,0,170,2,2,1,0,0,0,1,1,0,0,3768.9624
"236",20181202416900,0,0,10,6,6,0,0,0,0,3,2,0,20188.864
"237",20181202417400,NA,NA,2,1,0,0,0,0,0,2,2,0,4211.2726
"238",20181202418000,0,105,2,1,0,0,0,0,2,2,2,0,4288.4546
"239",20181202418400,0,80,2,1,0,0,0,0,1,2,2,1,4327.3848
"240",20181202419000,0,40,2,1,0,2,0,0,0,1,2,1,4215.8508
"241",20181202419500,0,0,2,1,0,0,0,0,0,2,2,0,4288.4546
"242",20181202420900,NA,NA,4,2,2,0,0,0,1,2,2,0,8075.5456
"243",20181202421900,0,0,6,4,4,0,0,0,0,1,2,0,11306.8872
"244",20181202423000,NA,NA,1.4,2,0,0,0,0,0,3,0,0,10580.519
"245",20181202423300,0,40,1,0,0,1,1,0,0,0,0,0,3064.4754
"246",20181202423800,0,30,1,1,0,1,0,0,0,0,0,1,2253.9245
"247",20181202425100,NA,NA,4,2,3,0,0,0,0,0,0,0,7701.0836
"248",20181202425800,5,70,5,2,3,0,0,1,0,2,0,0,11044.424
"249",20181202426300,0,75,2,1,0,0,0,0,2,2,0,0,4361.8136
"250",20181202426900,NA,NA,3,1,0,0,0,0,1,2,2,0,6453.6387
"251",20181202428700,NA,NA,2,1,0,0,0,0,1,2,0,0,4300.048
"252",20181202429600,0,80,2,1,0,0,0,0,1,2,0,0,4565.1096
"253",20181202429900,2,25,4,3,2,0,0,0,0,2,2,0,9206.9372
"254",20181202430300,0,0,4,2,2,0,0,0,2,2,2,0,7701.0836
"255",20181202431100,0,90,1,1,0,0,0,0,1,1,0,0,2297.1671
"256",20181202433000,NA,NA,2,2,1,0,0,0,1,0,0,0,4378.857
"257",20181202433100,0,80,1,1,0,0,0,1,1,1,0,0,2037.8318
"258",20181202433300,NA,NA,4,2,1,0,0,0,1,4,2,0,8842.1024
"259",20181202436700,0,80,1,1,0,0,0,0,1,2,0,0,4315.8758
"260",20181202438200,0,60,1,1,0,1,0,0,0,0,0,1,2020.6283
"261",20181202438800,0,0,2,1,0,2,0,0,2,1,2,0,4307.103
"262",20181202439000,0,100,2,1,0,0,0,0,1,1,0,0,4359.403
"263",20181202439300,0,140,1,0,0,0,0,0,1,1,0,0,1952.5072
"264",20181202440700,0,15,4,1,2,0,0,0,2,2,2,0,8279.054
"265",20181202440900,0,130,1,0,0,0,0,1,1,2,0,0,4838.2108
"266",20181202444800,0,0,2,1,0,2,0,0,2,0,2,0,4043.4914
"267",20181202447000,NA,NA,1,0,0,0,0,0,1,1,1,1,2105.7681
"268",20181202448500,0,170,1,0,0,1,0,0,1,0,0,1,2131.9941
"269",20181202448800,NA,NA,2,1,0,0,0,0,0,2,0,1,4300.048
"270",20181202448900,0,0,1,1,0,1,0,0,0,0,0,1,2313.9638
"271",20190302428500,0,50,1,1,0,0,0,0,2,2,0,0,5210.291
"272",20190902339300,0,34,5,2,3,0,0,0,1,2,2,0,10908.419
"273",20190902339700,5,55,2,1,0,0,0,1,2,2,2,0,5385.4144
"274",20190902340500,0,50,2,2,0,1,0,0,0,2,0,1,4633.9028
"275",20190902340800,NA,NA,1,1,0,1,0,0,0,0,1,1,2242.5807
"276",20190902341600,0,50,2,1,0,0,0,0,2,1,2,0,4616.3438
"277",20190902342200,0,23.3333333333333,3,1,1,0,0,0,2,2,2,0,6545.0514
"278",20190902342500,0,40,1,1,0,1,0,0,0,1,0,0,2820.442
"279",20190902344800,0,90,2,1,0,0,0,0,2,2,2,0,4616.3438
"280",20190902345400,0,106.666666666667,3,2,0,0,0,0,0,1,2,1,6433.0584
"281",20190902345900,4,160,1,1,0,0,0,0,1,0,0,1,2388.4246
"282",20190902346000,0,90,5,2,3,0,5,0,0,2,2,0,17614.391
"283",20190902351900,0,60,2,1,0,0,0,0,2,2,2,0,4166.7516
"284",20190902353200,NA,NA,2,0,0,2,0,0,0,2,0,0,4682.9132
"285",20190902354400,NA,NA,1,0,0,0,0,0,0,1,0,0,2512.085
"286",20190902354700,0,70,1,1,0,1,0,0,0,0,0,0,2097.3164
"287",20190902355300,0,90,1,1,0,1,0,0,0,0,0,0,2097.3164
"288",20190902355500,NA,NA,2,1,0,2,0,0,0,0,2,0,4194.6328
"289",20190902356400,0,55,2,1,0,2,0,0,0,0,2,1,4194.6328
"290",20190902357400,0,15,2,1,0,2,0,0,0,0,2,0,4194.6328
"291",20190902360300,NA,NA,2,1,0,2,0,0,2,0,2,0,4194.6328
"292",20190902360900,0,110,3,1,1,0,0,0,0,2,2,0,6016.3539
"293",20190902361200,0,30,4,3,2,0,0,0,2,2,0,0,8634.6356
"294",20190902361300,0,75,2,1,0,0,0,0,2,2,2,0,5115.923
"295",20190902363200,NA,NA,1,0,0,0,0,2,0,2,0,0,4843.5332
"296",20190902363800,0,0,1,0,0,0,0,0,0,1,0,0,2759.2419
"297",20190902364500,NA,NA,2,1,0,0,0,0,0,2,2,0,5036.5714
"298",20190902364700,0,0,1,1,0,1,0,1,1,0,0,1,2201.6838
"299",20190902365900,0,30,2,1,0,2,0,0,0,0,2,1,4194.6328
"300",20190902366100,0,37.5,4,2,2,0,0,0,2,1,2,0,9061.9312
"301",20190902366500,NA,NA,4,1,2,0,0,0,1,2,2,0,7869.9756
"302",20190902369000,0,50,2,1,0,2,0,0,0,0,2,1,3993.3268
"303",20190902369400,0,34,5,1,3,0,0,0,2,2,2,0,11327.414
"304",20190902371400,0,40,1,0,0,0,0,0,1,1,0,0,2412.305
"305",20190902371800,0,100,2,1,0,0,0,0,0,2,2,0,4530.9656
"306",20190902373200,0,65,2,1,0,2,0,0,1,1,2,0,3993.3268
"307",20190902375200,0,22.5,4,1,2,0,0,0,1,2,2,0,10231.846
"308",20190902375700,0,80,4,2,2,0,0,0,2,2,2,0,8021.8052
"309",20190902376200,0,80,1,1,0,1,0,0,1,0,0,0,2097.3164
"310",20190902376300,0,120,1,0,0,0,0,0,0,1,0,0,2119.0265
"311",20190902376500,NA,NA,4,3,3,0,0,0,0,1,0,1,8634.6356
"312",20190902376800,0,70,1,1,0,0,1,0,0,1,0,0,2987.7827
"313",20190902377100,0,0,2,1,0,1,0,0,0,2,2,0,4467.4264
"314",20190902379200,0,70,2,1,0,0,0,0,0,2,0,0,4238.053
"315",20190902379800,NA,NA,4,2,2,0,0,0,0,2,2,0,10231.846
"316",20190902380300,0,42.5,4,1,2,0,0,0,0,2,2,0,9061.9312
"317",20190902380900,0,60,1,1,0,1,0,0,0,0,0,1,2097.3164
"318",20190902381600,NA,NA,2,1,0,0,0,0,2,2,2,0,4636.4652
"319",20190902382500,0,80,2,1,0,2,0,0,0,2,2,1,4269.9126
"320",20190902382700,NA,NA,4,2,2,0,0,0,2,2,2,0,10946.574
"321",20190902383300,NA,NA,3,1,1,0,0,0,2,1,2,0,7555.8081
"322",20190902383900,NA,NA,2,1,0,2,0,0,0,0,2,0,4285.4258
"323",20190902384100,0,NA,5,2,2,0,0,0,2,3,2,0,10422.6395
"324",20190902385500,1,80,2,1,0,0,0,0,1,2,0,0,4288.7056
"325",20190902386900,0,75,2,1,0,0,0,0,1,2,0,0,5335.2094
"326",20190902387200,7,30,3,2,0,2,3,0,0,0,2,0,6975.6477
"327",20190902387500,0,180,1,1,0,1,0,0,1,0,0,1,2242.5807
"328",20190902390000,0,37.5,4,2,2,0,0,0,1,2,2,0,8726.7352
"329",20190902390800,0,70,4,1,2,0,0,0,2,2,2,0,8195.4372
"330",20190902393200,0,0,1,0,0,0,0,0,0,4,0,0,10424.6484
"331",20190902395700,0,82.5,4,2,0,0,0,0,3,4,2,1,9195.9856
"332",20190902396300,0,0,4,2,2,0,0,0,2,2,2,0,8731.5608
"333",20190902396700,NA,NA,2,1,0,0,0,0,1,0,2,1,4595.4516
"334",20190902398600,0,35,2,1,0,0,0,0,1,1,2,0,5388.3926
"335",20190902398900,0,0,2,1,0,2,0,0,2,0,2,1,4119.6926
"336",20190902399400,0,45,2,1,0,2,0,0,2,0,2,1,4269.9126
"337",20190902400200,0,100,2,2,1,0,0,0,1,1,0,0,5145.5882
"338",20190902401400,0,60,2,1,0,0,0,0,0,2,2,0,4597.9928
"339",20190902403300,0,13.3333333333333,3,1,0,2,0,0,0,1,2,0,6428.1387
"340",20190902403900,0,110,1,1,0,0,0,0,1,1,0,0,2308.1719
"341",20190902408600,NA,NA,1,0,0,0,0,0,3,0,0,0,7738.1583
"342",20191002346200,NA,NA,2,1,0,0,2,0,2,2,2,0,6461.3742
"343",20191002348300,0,50,2,1,0,0,0,0,0,2,2,0,6546.213
"344",20191002351000,3,40,1,1,0,0,0,0,0,0,0,1,2212.554
"345",20191002351300,0,80,1,1,0,0,0,0,1,1,0,0,2476.9511
"346",20191002352300,4,40,1,1,0,0,0,0,1,0,0,0,2214.6578
"347",20191002352700,0,90,1,0,0,0,0,0,1,1,0,0,2195.59
"348",20191002352900,0,140,1,0,0,0,0,0,0,1,0,0,2391.7941
"349",20191002353200,0,26.6666666666667,3,2,1,1,0,0,0,1,2,0,6338.5647
"350",20191002353300,0,95,2,1,0,0,0,0,2,2,0,0,4474.5552
"351",20191002354400,0,190,1,0,0,0,0,0,1,1,0,0,1975.6293
"352",20191002354500,0,25,4,1,3,0,0,0,0,1,0,0,7927.5436
"353",20191002354700,0,90,4,2,2,0,0,0,2,2,2,0,9280.5588
"354",20191002354900,0,65,2,1,0,2,0,0,1,1,2,0,3929.946
"355",20191002355200,0,21.4285714285714,7,3,2,2,0,0,1,1,2,1,13927.2091
"356",20191002357400,0,46,5,2,3,0,4,0,0,2,0,0,15634.3975
"357",20191002358100,NA,NA,2,1,0,0,0,0,2,2,0,0,4640.2794
"358",20191002358200,NA,NA,4,4,3,0,0,3,1,1,0,0,9123.4472
"359",20191002359200,0,25,2,1,0,2,0,0,1,0,2,0,3929.946
"360",20191002359500,0,140,1,0,0,1,0,0,1,0,0,1,2172.359
"361",20191002360300,0,100,1,0,0,1,0,0,1,0,0,0,1936.5033
"362",20191002361000,0,55,2,1,0,0,0,0,2,2,2,0,3964.112
"363",20191002362400,0,30,2,1,0,2,0,0,0,2,2,0,3848.8116
"364",20191002364200,NA,NA,1.66666666666667,1,0,2,0,0,0,3,2,0,5845.5768
"365",20191002364300,0,91.6666666666667,6,4,4,0,0,0,2,1,2,0,14199.8772
"366",20191002364600,0,50,2,1,0,0,0,0,2,2,2,0,4228.0466
"367",20191002365200,0,0,3,2,1,0,0,0,1,3,2,1,6506.8074
"368",20191002368500,NA,NA,2,1,1,0,0,0,1,1,0,1,4653.7774
"369",20191002368900,0,66.6666666666667,3,2,1,0,0,0,2,2,0,0,7078.1946
"370",20191002369300,0,95,2,1,0,2,0,0,0,2,2,0,3848.8116
"371",20191002370100,0,20,1,0,0,0,0,0,0,1,0,0,4265.3976
"372",20191002372100,1,20,1,0,0,0,0,0,0,1,0,1,1979.0772
"373",20191002373700,NA,NA,1,0,0,0,0,1,0,1,0,0,2854.914
"374",20191002373900,0,80,1,1,0,1,0,0,0,0,0,0,1948.5256
"375",20191002374000,0,30,1,1,0,1,0,0,1,0,0,0,2013.3065
"376",20191002374500,0,85,2,1,0,2,0,0,1,0,2,0,4113.7692
"377",20191002374600,0,100,1,1,0,0,0,0,1,1,0,0,2215.8825
"378",20191002374800,NA,NA,2,1,0,0,0,0,1,2,2,0,4382.1772
"379",20191002376700,0,0,1,0,0,1,0,0,0,0,0,0,2172.359
"380",20191002377600,NA,NA,2,1,0,0,0,0,2,2,2,0,4182.9476
"381",20191002377900,NA,NA,1,0,0,0,0,1,0,1,0,0,4166.539
"382",20191002378500,0,25,2,1,0,2,0,0,2,2,2,0,3848.8116
"383",20191002379900,0,32.5,4,2,2,0,0,0,0,2,2,0,8675.7432
"384",20191002381800,0,30,3,2,1,0,0,0,2,2,2,0,6573.2658
"385",20191002383600,0,40,1,0,0,0,0,0,0,1,0,0,2258.7574
"386",20191002383700,0,10,1,1,0,1,0,0,1,0,0,1,1924.4058
"387",20191002383800,0,30,1,1,0,1,0,0,0,0,0,0,2056.8846
"388",20191002384300,0,50,2,1,0,0,0,0,1,2,2,0,4138.4692
"389",20191002384700,0,0,1,0,0,1,0,0,1,0,0,1,1936.5033
"390",20191002384800,0,95,2,1,0,0,0,0,2,2,2,0,4225.3906
"391",20191002385000,0,40,1,0,0,1,0,0,0,0,0,1,2172.359
"392",20191002386500,0,17.5,8,3,6,0,0,0,0,3,2,0,15959.476
"393",20191002387800,NA,NA,2,1,0,0,0,0,0,1,2,0,6122.1788
"394",20191002388500,NA,NA,1,0,0,0,0,0,0,0,0,1,1982.9819
"395",20191002388700,NA,NA,5,2,3,0,0,0,2,2,2,0,10499.7805
"396",20191002390300,6,0,2,2,0,0,0,0,0,0,0,1,5242.0528
"397",20191002390700,NA,NA,2,1,0,0,0,0,0,2,0,0,4830.4068
"398",20191002391200,0,60,1,1,0,0,0,1,1,1,0,0,2576.2926
"399",20191002391300,0,0,1,1,0,1,0,0,1,0,0,0,2057.6939
"400",20191002391500,NA,NA,1,0,0,0,0,0,1,1,0,0,2465.9659
"401",20191002392200,0,30,2,0,0,1,0,0,0,1,0,0,4645.6418
"402",20191002394200,0,12.5,4,3,1,0,0,0,1,3,2,0,8929.2924
"403",20191002394600,NA,NA,2,1,0,2,0,0,2,0,2,1,4307.8852
"404",20191002395500,0,150,1,1,0,1,0,0,1,1,0,0,1966.0596
"405",20191002396400,1,0,2,1,0,0,0,0,1,1,2,0,4431.765
"406",20191002396800,0,140,1,1,0,1,0,0,1,1,0,0,2058.8318
"407",20191002398400,NA,NA,1,1,0,0,0,0,0,2,0,0,4649.9846
"408",20191002400400,0,65,2,1,0,0,0,1,2,2,2,0,5330.9802
"409",20191002402800,0,75,2,1,0,2,0,0,2,0,2,0,3932.1192
"410",20191002403300,0,150,2,1,0,2,0,0,1,1,2,1,4169.273
"411",20191002404200,NA,NA,1,0,0,0,0,0,1,0,0,0,2522.8148
"412",20191002404600,0,40,2,2,1,0,0,0,1,1,0,0,4953.9022
"413",20191002405700,0,0,1,0,0,0,0,0,1,1,0,0,2001.2833
"414",20191002406400,4,70,1,0,0,0,0,0,0,1,0,0,2504.6554
"415",20191002409100,0,30,6,4,3,0,0,0,1,2,2,0,12805.7232
"416",20191002409800,9,17.1428571428571,7,4,2,1,7,0,1,4,0,0,22614.8097
"417",20191002410100,0,86.6666666666667,3,2,0,0,0,0,1,3,2,0,6637.662
"418",20191002410200,0,50,2,1,0,0,0,0,1,0,0,0,6315.9104
"419",20191002410600,0,45,2,1,0,2,0,0,0,0,2,1,4117.6636
"420",20191002411400,0,133.333333333333,3,2,1,0,0,0,2,1,2,0,8074.1064
"421",20191002412000,0,0,3,2,0,0,0,0,2,3,2,0,6342.0699
"422",20191002412800,NA,NA,2,1,0,2,0,0,2,0,2,1,4113.7692
"423",20191002414800,NA,NA,2,1,0,0,0,0,1,2,2,0,4425.108
"424",20191002415000,0,30,1,1,0,0,0,0,1,1,0,0,2717.7102
"425",20191002415500,0,72.5,4,3,2,0,0,0,2,2,2,0,9285.6912
"426",20191102346500,0,40,1,1,0,0,0,0,0,1,0,0,3080.9769
"427",20191102346600,0,30,1,0,0,1,0,0,0,0,0,1,1939.7575
"428",20191102347900,0,70,1,0,0,0,0,0,1,1,0,0,2641.0093
"429",20191102348100,0,150,1,0,0,0,0,0,1,1,0,0,3171.0987
"430",20191102350800,0,95,2,1,0,0,0,0,1,2,2,0,4062.9732
"431",20191102351000,2,36,5,2,2,1,0,5,0,1,2,0,11240.691
"432",20191102354200,0,40,1,1,0,1,0,0,0,1,0,0,1739.2904
"433",20191102354700,0,NA,2,1,0,0,0,0,2,2,0,0,4277.9572
"434",20191102355800,0,150,2,1,0,1,0,0,2,2,2,0,3692.6034
"435",20191102356300,0,120,2,1,0,1,0,0,2,1,2,0,3792.6096
"436",20191102357600,NA,NA,2,1,0,0,0,0,2,2,2,0,4390.1172
"437",20191102357700,0,NA,1,1,0,0,0,0,0,1,0,0,1969.0283
"438",20191102357800,0,45,2,1,0,2,0,0,1,0,2,0,3478.5808
"439",20191102358700,NA,NA,4,3,1,0,0,0,2,2,2,0,7759.7864
"440",20191102358900,0,30,2,1,0,0,0,0,1,1,2,0,3692.6034
"441",20191102360400,0,80,1,0,0,0,0,0,1,1,0,0,2151.6332
"442",20191102361000,0,75,4,2,2,0,0,0,1,3,2,0,9185.2656
"443",20191102361400,0,75,4,3,1,0,0,0,0,3,2,0,7759.7864
"444",20191102361900,NA,NA,2,1,0,0,0,0,0,2,2,0,3743.3946
"445",20191102363600,7,0,2,1,0,0,0,0,1,2,0,1,4902.9314
"446",20191102363900,0,0,1,1,0,1,0,0,0,0,0,1,1874.3089
"447",20191102365200,NA,NA,2,1,0,2,0,0,0,0,2,0,3748.6178
"448",20191102365400,2,25,6,1,4,0,0,0,2,1,2,0,13493.451
"449",20191102366400,0,85,2,1,0,0,0,0,2,2,2,0,4342.6968
"450",20191102368400,0,65,2,1,0,0,0,0,0,1,2,1,3616.369
"451",20191102368800,NA,NA,1,0,0,0,0,0,0,0,0,1,4472.5626
"452",20191102369400,0,45,2,1,0,2,0,0,0,2,2,1,3406.765
"453",20191102372300,NA,NA,1,1,0,0,0,0,1,1,0,0,1899.8961
"454",20191102375700,1,32.5,4,3,3,0,0,0,1,1,0,0,10494.5328
"455",20191102377100,0,0,1,0,0,0,0,0,0,0,0,0,2236.2813
"456",20191102377700,0,60,2,1,0,0,0,0,0,2,0,0,3856.7548
"457",20191102378300,0,33.3333333333333,3,1,0,0,0,0,2,1,2,1,5699.6883
"458",20191102378700,0,55,4,2,1,0,0,0,0,2,2,0,8685.3936
"459",20191102379100,0,0,1,1,0,1,0,0,0,0,0,0,1874.3089
"460",20191102379500,NA,NA,1,1,0,0,0,0,1,0,0,0,2090.1591
"461",20191102380400,NA,NA,1,0,0,0,0,0,0,1,0,0,2275.6032
"462",20191102380700,0,55,2,1,0,2,0,0,1,1,0,0,3851.8692
"463",20191102381000,NA,NA,2,1,0,2,0,0,0,0,2,1,3748.6178
"464",20191102381500,0,40,1,0,0,0,0,0,0,0,0,1,2094.819
"465",20191102382600,0,0,1,1,0,1,0,0,0,0,0,0,1874.3089
"466",20191102384300,0,0,1,1,0,1,0,0,0,0,0,1,1874.3089
"467",20191102385100,0,30,2,1,0,2,0,0,0,0,2,0,3748.6178
"468",20191102386400,0,0,1,1,0,1,0,0,1,0,0,1,1874.3089
"469",20191102386500,0,30,1,1,0,1,0,0,0,0,1,0,1874.3089
"470",20191102387100,NA,NA,1,1,0,0,0,0,1,0,0,0,1928.3774
"471",20191102387300,0,100,1,0,0,1,0,0,0,0,0,0,1814.1087
"472",20191102387600,0,56.6666666666667,3,1,1,0,0,0,2,2,2,0,6046.5318
"473",20191102388100,0,90,1,0,0,0,0,0,1,1,0,0,2141.1303
"474",20191102388400,0,60,1,0,0,0,0,0,0,1,0,0,2747.7234
"475",20191102388800,NA,NA,5,3,3,0,0,0,2,2,2,0,11244.5425
"476",20191102389200,0,50,2,1,0,2,0,0,0,0,2,0,3406.765
"477",20191102389600,5,45,4,3,3,0,0,0,1,1,0,0,8995.634
"478",20191102390800,NA,NA,1,5,0,0,0,0,0,2,0,0,15984.2705
"479",20191102391000,0,76.6666666666667,3,2,1,0,1,0,1,3,2,1,6969.0726
"480",20191102391700,0,85,2,1,0,2,0,0,1,0,2,1,3790.8756
"481",20191102392300,0,90,1,1,0,1,0,0,1,1,0,0,1822.3693
"482",20191102392600,NA,NA,1,0,0,0,0,0,0,1,0,0,2732.7168
"483",20191102396900,NA,NA,3,1,1,0,0,0,1,2,2,0,6655.0419
"484",20191102397400,0,72.5,4,0,2,0,0,0,1,2,0,0,9012.6484
"485",20191102399700,0,130,2,1,0,0,0,0,1,2,2,0,3973.7672
"486",20191102400000,0,140,1,0,0,0,0,1,1,1,0,0,3184.6414
"487",20191102400300,0,100,1,0,0,0,0,0,1,1,0,0,2343.9553
"488",20191102401200,1,46.6666666666667,3,2,0,2,0,0,0,1,0,1,6185.8218
"489",20191102401400,NA,NA,3,3,2,0,0,0,1,1,0,0,6406.2021
"490",20191102401800,0,0,1,0,0,1,0,0,1,0,0,0,2060.4675
"491",20191102402300,NA,NA,2,1,0,0,0,0,0,2,2,0,4065.2202
"492",20191102402400,0,66.6666666666667,3,1,1,0,0,0,0,2,2,0,6406.2021
"493",20191102403600,NA,NA,4,2,2,0,0,0,1,2,0,0,9618.6896
"494",20191102404200,NA,NA,3,2,2,0,0,0,0,1,0,0,8420.7081
"495",20191102405500,0,10,1,1,0,1,0,0,0,0,0,1,2005.2356
"496",20191102405900,0,80,1,1,0,1,0,0,0,1,0,0,2004.1273
"497",20191102406100,0,32.5,4,3,2,1,0,0,1,0,2,0,7764.0776
"498",20191102407300,0,50,1,0,0,1,0,0,0,0,0,0,1853.3752
"499",20191102410600,0,56.6666666666667,3,2,0,0,0,3,2,2,2,0,7419.2628
"500",20191102413300,0,100,2,1,0,0,0,0,1,2,0,0,5465.4336
"501",20191102415500,NA,NA,1,0,0,1,1,0,0,0,0,0,2465.3452
"502",20191102416000,NA,NA,4,3,1,1,0,4,1,2,0,1,8517.5268
"503",20191102416700,0,0,1,1,0,0,0,0,1,0,0,0,1985.7855
"504",20191102416800,NA,NA,3.4,2,0,0,0,0,3,3,2,1,9672.4605
"505",20191102417200,0,35,2,1,0,0,0,0,2,1,2,0,3868.9842
"506",20191102417900,NA,NA,1,0,0,1,0,0,0,1,0,0,1967.6216
"507",20191102418400,NA,NA,4,3,2,0,0,0,0,2,2,0,9190.3452
"508",20191202349800,0,143.333333333333,3,2,0,1,0,0,1,2,2,1,7197.7236
"509",20191202351000,0,18,5,3,1,0,0,5,0,2,2,0,12486.526
"510",20191202355300,0,160,1,1,0,1,0,0,0,1,0,0,2291.5357
"511",20191202355500,0,1.33333333333333,3,1,1,0,0,0,2,0,0,0,6633.0798
"512",20191202355800,3,40,1,1,0,0,0,1,0,0,0,1,2199.6458
"513",20191202355900,NA,NA,1,0,0,1,0,0,0,1,0,1,2154.0549
"514",20191202356200,NA,NA,1,0,0,0,0,1,1,1,0,0,2153.4597
"515",20191202357100,0,55,2,1,0,2,0,0,0,0,2,0,4190.9328
"516",20191202357400,NA,NA,3,1,1,2,0,0,0,0,2,1,6696.2352
"517",20191202357500,0,170,2,1,0,1,0,0,0,0,2,0,4541.0368
"518",20191202357600,0,25,2,1,0,1,0,2,1,1,0,0,4078.4636
"519",20191202357700,7,80,1,1,0,1,0,0,0,1,0,1,2095.4664
"520",20191202359200,6,60,1,1,0,1,0,0,0,1,0,1,2095.4664
"521",20191202359600,0,73.3333333333333,6,3,3,0,2,0,2,3,2,1,12826.7706
"522",20191202360400,0,100,3,2,1,0,0,0,1,2,0,0,6407.523
"523",20191202360600,1,40,2,1,0,0,0,0,0,2,2,0,4582.2598
"524",20191202361100,7,0,3,1,2,0,0,0,0,1,0,0,6435.705
"525",20191202361500,0,50,2,1,0,2,0,0,0,0,2,0,4304.7226
"526",20191202362300,0,130,2,1,0,0,0,0,2,1,2,0,4459.309
"527",20191202362400,0,260,2,1,0,0,0,0,1,1,2,1,4582.2598
"528",20191202363300,NA,NA,3,2,1,0,0,1,0,2,0,0,6021.4131
"529",20191202363500,0,87.5,4,2,2,0,0,0,2,3,2,0,8374.6396
"530",20191202364200,0,0,2,1,0,2,0,0,0,0,2,0,4371.9934
"531",20191202364600,0,30,2,1,0,1,0,0,1,1,2,0,4371.9934
"532",20191202364900,NA,NA,4,2,1,0,0,0,1,2,2,0,8975.3164
"533",20191202365000,0,65,2,1,0,0,0,0,0,2,2,0,4487.6582
"534",20191202365400,0,45,2,1,0,2,0,0,0,0,2,0,4193.2504
"535",20191202365600,0,40,5,1,3,0,0,0,2,2,2,0,10504.7315
"536",20191202366200,NA,NA,2,1,0,0,0,0,0,1,2,0,4447.6628
"537",20191202370700,NA,NA,2,1,0,1,0,1,1,1,2,1,4367.2458
"538",20191202371200,NA,NA,7,3,6,0,0,0,1,1,1,1,14706.6241
"539",20191202371800,0,50,1,1,0,0,0,0,0,1,0,0,2183.6229
"540",20191202372000,0,115,2,2,0,0,0,0,1,2,0,0,4487.6582
"541",20191202372400,NA,NA,4,2,1,0,0,0,2,3,2,0,8374.6396
"542",20191202373100,0,60,2,1,0,0,0,0,2,1,2,0,4367.2458
"543",20191202374400,NA,NA,2,1,0,0,0,0,1,2,2,0,4367.2458
"544",20191202376700,0,105,4,3,2,0,0,4,0,2,2,0,7864.6312
"545",20191202376800,0,75,2,1,0,2,0,0,0,0,2,1,4371.9934
"546",20191202378700,NA,NA,6,3,4,0,0,0,1,2,2,0,11725.6608
"547",20191202379700,0,40,2,1,0,2,0,0,0,1,2,1,4104.4102
"548",20191202380100,0,35,2,1,0,2,0,0,0,1,2,0,4488.4532
"549",20191202380700,0,40,1,0,0,1,0,0,0,0,0,1,2027.531
"550",20191202381300,0,40,6,3,2,0,0,0,3,2,2,0,14114.1204
"551",20191202381500,0,25,2,1,0,0,0,0,2,2,2,0,4453.4094
"552",20191202382300,4,45,6,4,5,0,0,0,0,1,0,0,12093.0636
"553",20191202382800,NA,NA,4,2,2,0,0,0,1,2,2,0,8906.8188
"554",20191202384000,0,70,2,1,0,1,0,0,0,1,2,0,4371.9934
"555",20191202385300,NA,NA,2,1,0,0,0,0,0,0,0,1,4503.5776
"556",20191202387200,NA,NA,2,1,0,0,0,0,0,1,2,0,4487.6582
"557",20191202391700,NA,NA,1,1,0,1,0,0,0,0,0,0,3969.1494
"558",20191202392200,NA,NA,2,1,0,2,0,0,0,0,2,1,4488.4532
"559",20191202393000,NA,NA,2,1,0,0,0,0,2,2,2,0,4672.3122
"560",20191202393900,NA,NA,1,0,0,0,0,0,1,1,0,1,2237.8615
"561",20191202394400,4,60,1,0,0,0,0,0,0,1,0,0,2094.4353
"562",20191202395100,0,40,3,2,1,0,0,0,2,1,2,0,7144.8435
"563",20191202397900,NA,NA,1,0,0,1,0,0,0,0,0,0,2155.2461
"564",20191202399300,1,120,1,0,0,0,0,0,0,0,0,1,4736.8058
"565",20191202399700,NA,NA,1,1,0,0,0,0,0,2,0,0,4473.2494
"566",20191202400900,0,80,1,1,0,0,0,0,1,1,0,0,2467.2909
"567",20191202401200,0,150,1,2,0,0,0,0,2,2,0,0,4292.8428
"568",20191202401600,0,60,1,0,0,1,0,0,1,0,0,0,2255.6981
"569",20191202402300,NA,NA,1,1,0,0,0,0,1,1,0,0,2145.235
"570",20191202402400,0,0,1,0,0,0,0,0,1,0,0,0,2254.1059
"571",20191202403000,0,45,4,3,2,0,0,0,2,1,2,0,7809.3672
"572",20191202404700,NA,NA,4,2,2,0,0,0,2,2,2,0,9613.0808
"573",20191202405300,4,150,1,0,0,0,0,0,0,1,0,0,9473.6116
"574",20191202406500,5,73.3333333333333,3,1,0,2,0,0,2,1,2,1,6407.523
"575",20191202407600,NA,NA,2,1,0,0,0,0,0,2,2,0,4584.7938
"576",20191202408400,0,100,1,2,0,0,1,0,0,2,0,0,4629.8136
"577",20191202409000,0,100,1,1,0,0,1,0,1,1,0,1,3632.3984
"578",20191202411400,3,70,1,1,0,0,0,0,1,1,0,0,2145.235
"579",20191202412900,0,140,1.5,0,0,0,0,0,1,2,0,0,9473.6116
"580",20191202413200,NA,NA,1,0,0,0,0,0,0,1,0,0,2368.4029
"581",20191202413800,3,50,1,1,0,1,0,0,1,0,0,1,2233.3127
"582",20191202415700,0,62.5,4,2,2,0,0,0,2,2,2,0,10061.1284
"583",20191202416000,0,70,1,0,0,0,0,0,0,1,0,0,2236.6247
"584",20191202416700,0,80,1,0,0,0,1,0,0,1,0,0,3858.7629
"585",20191202416900,0,175,2,1,0,0,0,0,0,0,1,0,4736.8058
"586",20191202418300,0,70,2,1,0,0,0,0,2,2,2,0,4549.8036
"587",20191202418500,NA,NA,2,1,0,2,0,0,0,0,2,1,4585.606
"588",20191202419300,0,90,2,1,0,0,0,0,2,1,2,0,4669.7298
